Question,Answer
What does your software company do?,"We develop web, mobile, and custom software solutions for businesses."
What services do you provide?,"Our services include web development, mobile app development, software testing, and IT support."
Do you offer SQA or software testing services?,"Yes, we provide manual and automated software quality assurance (SQA) services."
What technologies do you use?,"We use Python, JavaScript, React, Node.js, Django, and cloud technologies."
Do you work with international clients?,"Yes, we work with both local and international clients."
Do you provide internship opportunities?,"Yes, we offer internship programs for freshers and students."
Do you provide training for freshers?,"Yes, freshers receive proper training and mentorship during the internship."
How long is the internship program?,The internship duration is usually 3 to 6 months.
Is the internship paid or unpaid?,Internship terms depend on performance and company policy.
How can I apply for a job or internship?,You can apply by sending your CV to our official email or career page.
Do you offer remote work options?,"Yes, remote or hybrid work options are available for some positions."
What is your working environment like?,"We maintain a friendly, collaborative, and learning-focused work environment."
Do you use agile methodology?,"Yes, we follow Agile and Scrum methodologies in our projects."
What industries do you serve?,"We serve fintech, e-commerce, healthcare, education, and enterprise sectors."
Where is your office located?,"Our office is located in Bangladesh, with global operations."
